year,min,mean,median,max,std,valid_count,total_pixels,coverage_pct,note
2017,0.0,0.5509853959083557,0.6000000238418579,1.0,0.25671491026878357,763088,1136655,67.1345307063269,"P clamped to [0,1], AOI+DEM nodata applied"
