year,r_min,r_mean,r_median,r_max,r_std,r_count,r_coverage_pct,p_min_mm,p_mean_mm,p_median_mm,p_max_mm,p_std_mm,p_count,p_coverage_pct,formula,a,b,unit_P,unit_R
2016,250.65480041503906,460.1183776855469,430.1640625,928.204345703125,157.90110778808594,763088,99.84442813273198,585.5818481445312,1074.9322509765625,1004.952880859375,2168.478759765625,368.8899230957031,763088,99.84442813273198,PowerLaw_R=a*P^b (calibrated to 79+0.363P at basin mean),0.428044,1.0,mm,MJ·mm·ha⁻¹·h⁻¹·yr⁻¹ (relative-scaled)
