year,r_min,r_mean,r_median,r_max,r_std,r_count,r_coverage_pct,p_min_mm,p_mean_mm,p_median_mm,p_max_mm,p_std_mm,p_count,p_coverage_pct,formula,a,b,unit_P,unit_R
2021,287.1689147949219,468.24951171875,428.235595703125,858.7469482421875,136.00677490234375,763088,99.84442813273198,670.8864135742188,1093.9285888671875,1000.4476318359375,2006.2117919921875,317.7402038574219,763088,99.84442813273198,PowerLaw_R=a*P^b (calibrated to 79+0.363P at basin mean),0.428044,1.0,mm,MJ·mm·ha⁻¹·h⁻¹·yr⁻¹ (relative-scaled)
