year,r_min,r_mean,r_median,r_max,r_std,r_count,r_coverage_pct,p_min_mm,p_mean_mm,p_median_mm,p_max_mm,p_std_mm,p_count,p_coverage_pct,formula,a,b,unit_P,unit_R
2019,324.2421569824219,601.1293334960938,547.4323120117188,1304.3770751953125,226.151123046875,763088,99.84442813273198,757.4972534179688,1404.3638916015625,1278.916015625,3047.296630859375,528.3361206054688,763088,99.84442813273198,PowerLaw_R=a*P^b (calibrated to 79+0.363P at basin mean),0.428044,1.0,mm,MJ·mm·ha⁻¹·h⁻¹·yr⁻¹ (relative-scaled)
