year,r_min,r_mean,r_median,r_max,r_std,r_count,r_coverage_pct,p_min_mm,p_mean_mm,p_median_mm,p_max_mm,p_std_mm,p_count,p_coverage_pct,formula,a,b,unit_P,unit_R
2025,345.5220031738281,587.1351928710938,540.8204956054688,1088.3179931640625,175.96786499023438,763088,99.84442813273198,807.21142578125,1371.67041015625,1263.4693603515625,2542.53759765625,411.0975646972656,763088,99.84442813273198,PowerLaw_R=a*P^b (calibrated to 79+0.363P at basin mean),0.428044,1.0,mm,MJ·mm·ha⁻¹·h⁻¹·yr⁻¹ (relative-scaled)
