year,r_min,r_mean,r_median,r_max,r_std,r_count,r_coverage_pct,p_min_mm,p_mean_mm,p_median_mm,p_max_mm,p_std_mm,p_count,p_coverage_pct,formula,a,b,unit_P,unit_R
2017,276.01422119140625,536.3510131835938,489.0741882324219,1106.2884521484375,182.68548583984375,763088,99.84442813273198,644.8267211914062,1253.0274658203125,1142.5792236328125,2584.5205078125,426.7913513183594,763088,99.84442813273198,PowerLaw_R=a*P^b (calibrated to 79+0.363P at basin mean),0.428044,1.0,mm,MJ·mm·ha⁻¹·h⁻¹·yr⁻¹ (relative-scaled)
