year,r_min,r_mean,r_median,r_max,r_std,r_count,r_coverage_pct,p_min_mm,p_mean_mm,p_median_mm,p_max_mm,p_std_mm,p_count,p_coverage_pct,formula,a,b,unit_P,unit_R
2022,329.8623046875,587.54638671875,560.4545288085938,1181.962890625,194.92034912109375,763088,99.84442813273198,770.6270751953125,1372.630615234375,1309.338623046875,2761.311767578125,455.37451171875,763088,99.84442813273198,PowerLaw_R=a*P^b (calibrated to 79+0.363P at basin mean),0.428044,1.0,mm,MJ·mm·ha⁻¹·h⁻¹·yr⁻¹ (relative-scaled)
