period,min,mean,median,max,std,n
2016→2025,-4.351917266845703,0.2624415159225464,0.03432668745517731,16.41440200805664,0.5876335501670837,740656
