min,mean,median,max,std,n
-0.8294291496276855,0.009633874520659447,0.0007712377118878067,1.4347381591796875,0.030224157497286797,740656
