year,min,mean,median,max,std,valid_count,total_pixels,coverage_pct
2022,0.0,0.2634655833244324,0.051571667194366455,18.209701538085938,0.58287113904953,740656,1136655,65.16102071428885
