year,min,mean,median,max,std,valid_count,total_pixels,coverage_pct
2018,0.0,0.19049221277236938,0.03347635269165039,14.10472583770752,0.4237554967403412,740656,1136655,65.16102071428885
