year,min,mean,median,max,std,valid_count,total_pixels,coverage_pct
2019,0.0,0.4706030786037445,0.08523280918598175,28.740880966186523,0.985134482383728,740656,1136655,65.16102071428885
