year,min,mean,median,max,std,valid_count,total_pixels,coverage_pct
2023,0.0,0.23021268844604492,0.041081152856349945,16.059955596923828,0.5139343738555908,740656,1136655,65.16102071428885
