year,min,mean,median,max,std,valid_count,total_pixels,coverage_pct
2017,0.0,0.3482375741004944,0.06459278613328934,20.06987953186035,0.7284494638442993,740656,1136655,65.16102071428885
