year,min,mean,median,max,std,valid_count,total_pixels,coverage_pct
2025,0.0,0.35797426104545593,0.06625640392303467,21.66038703918457,0.759013831615448,740656,1136655,65.16102071428885
