year,min,mean,median,max,std,valid_count,total_pixels,coverage_pct
2016,0.0,0.09553267061710358,0.015367699787020683,10.434082984924316,0.2566159963607788,740656,1136655,65.16102071428885
