year,min,mean,median,max,std,valid_count,total_pixels,coverage_pct
2020,0.0,0.34407705068588257,0.06955455243587494,20.416179656982422,0.722697913646698,740656,1136655,65.16102071428885
