year,min,mean,median,max,std,valid_count,total_pixels,coverage_pct
2024,0.0,0.3087787330150604,0.05629595369100571,20.198650360107422,0.6770512461662292,740656,1136655,65.16102071428885
