year,min,mean,median,max,std,valid_count,total_pixels,coverage_pct
2021,0.0,0.2707148790359497,0.05585493519902229,16.387405395507812,0.5605894327163696,740656,1136655,65.16102071428885
